{"cameraMode":{"drawMode":0,"name":"Shaded","section":"Shading Mode"},"sceneLighting":true,"audioPlay":false,"sceneViewState":{"m_AlwaysRefresh":false,"showFog":true,"showSkybox":true,"showFlares":true,"showImageEffects":true,"showParticleSystems":true,"showVisualEffectGraphs":true,"m_FxEnabled":true},"in2DMode":false,"pivot":{"x":13.274810791015625,"y":4.808484077453613,"z":-3.0271339416503908},"rotation":{"x":-0.019714506343007089,"y":-0.27721333503723147,"z":-0.006278020795434713,"w":0.960396409034729},"size":5.155155658721924,"orthographic":false}