{"cameraMode":{"drawMode":0,"name":"Shaded","section":"Shading Mode"},"sceneLighting":true,"audioPlay":false,"sceneViewState":{"m_AlwaysRefresh":false,"showFog":true,"showSkybox":true,"showFlares":true,"showImageEffects":true,"showParticleSystems":true,"showVisualEffectGraphs":true,"m_FxEnabled":true},"in2DMode":false,"pivot":{"x":-11.23379898071289,"y":4.061985969543457,"z":11.238923072814942},"rotation":{"x":0.048922087997198108,"y":0.9490847587585449,"z":-0.18627700209617616,"w":0.24921566247940064},"size":2.8494672775268556,"orthographic":false}