{"cameraMode":{"drawMode":0,"name":"Shaded","section":"Shading Mode"},"sceneLighting":true,"audioPlay":false,"sceneViewState":{"m_AlwaysRefresh":false,"showFog":true,"showSkybox":true,"showFlares":true,"showImageEffects":true,"showParticleSystems":true,"showVisualEffectGraphs":true,"m_FxEnabled":true},"in2DMode":false,"pivot":{"x":10.044963836669922,"y":26.028968811035158,"z":-79.12467956542969},"rotation":{"x":-0.07020706683397293,"y":0.23438489437103272,"z":-0.017003130167722703,"w":-0.9692686796188355},"size":2.8010451793670656,"orthographic":false}