{"cameraMode":{"drawMode":0,"name":"Shaded","section":"Shading Mode"},"sceneLighting":true,"audioPlay":false,"sceneViewState":{"m_AlwaysRefresh":false,"showFog":true,"showSkybox":true,"showFlares":true,"showImageEffects":true,"showParticleSystems":true,"showVisualEffectGraphs":true,"m_FxEnabled":true},"in2DMode":false,"pivot":{"x":-5.592349529266357,"y":0.8234195709228516,"z":1.1522070169448853},"rotation":{"x":-0.08407053351402283,"y":0.057029496878385547,"z":-0.004835320170968771,"w":-0.9948158264160156},"size":5.178969860076904,"orthographic":false}