{"cameraMode":{"drawMode":0,"name":"Shaded","section":"Shading Mode"},"sceneLighting":true,"audioPlay":false,"sceneViewState":{"m_AlwaysRefresh":false,"showFog":true,"showSkybox":true,"showFlares":true,"showImageEffects":true,"showParticleSystems":true,"showVisualEffectGraphs":true,"m_FxEnabled":true},"in2DMode":false,"pivot":{"x":-6.867048740386963,"y":2.159590482711792,"z":0.1496567726135254},"rotation":{"x":0.20335432887077332,"y":-0.29292336106300356,"z":0.06390480697154999,"w":0.9320644736289978},"size":2.8494672775268556,"orthographic":false}