{"cameraMode":{"drawMode":0,"name":"Shaded","section":"Shading Mode"},"sceneLighting":true,"audioPlay":false,"sceneViewState":{"m_AlwaysRefresh":false,"showFog":true,"showSkybox":true,"showFlares":true,"showImageEffects":true,"showParticleSystems":true,"showVisualEffectGraphs":true,"m_FxEnabled":true},"in2DMode":false,"pivot":{"x":2.3305811882019045,"y":3.6901352405548097,"z":1.9054299592971802},"rotation":{"x":-0.03199971839785576,"y":0.7914789915084839,"z":-0.041590459644794467,"w":-0.6089475154876709},"size":1.8982820510864258,"orthographic":false}