{"cameraMode":{"drawMode":0,"name":"Shaded","section":"Shading Mode"},"sceneLighting":true,"audioPlay":false,"sceneViewState":{"m_AlwaysRefresh":false,"showFog":true,"showSkybox":true,"showFlares":true,"showImageEffects":true,"showParticleSystems":true,"showVisualEffectGraphs":true,"m_FxEnabled":true},"in2DMode":false,"pivot":{"x":1.8609857559204102,"y":6.008708477020264,"z":12.320876121520996},"rotation":{"x":-0.4543922245502472,"y":-0.05596591904759407,"z":0.028943102806806566,"w":-0.888374924659729},"size":6.7553205490112309,"orthographic":false}