{"cameraMode":{"drawMode":0,"name":"Shaded","section":"Shading Mode"},"sceneLighting":true,"audioPlay":false,"sceneViewState":{"m_AlwaysRefresh":false,"showFog":true,"showSkybox":true,"showFlares":true,"showImageEffects":true,"showParticleSystems":true,"showVisualEffectGraphs":true,"m_FxEnabled":true},"in2DMode":false,"pivot":{"x":-1.616412878036499,"y":0.8940284252166748,"z":-11.938562393188477},"rotation":{"x":-0.18367493152618409,"y":-0.022108322009444238,"z":0.004547049757093191,"w":-0.9825547337532044},"size":0.24076159298419953,"orthographic":false}